sasdate,RPI,INDPRO,UNRATE,UEMPLT5,UEMPMEAN,DPCERA3M086SBEA,M2REAL,AAA,CPIAUCSL,S&P div yield
1/1/1959,2289.8,21.9289,6.0,1574,16.3,18.191,987.9,4.12,29.01,3.1583423230000003
2/1/1959,2299.6,22.3584,5.9,1554,15.5,18.38,992.1,4.14,29.0,3.219517984
3/1/1959,2314.4,22.6805,5.6,1459,15.3,18.555,998.3,4.13,28.97,3.151709402
4/1/1959,2328.5,23.1636,5.2,1494,14.9,18.488,1001.0,4.23,28.98,3.11150613
5/1/1959,2342.5,23.5125,5.1,1479,14.7,18.71,1006.2,4.37,29.04,3.076828847
6/1/1959,2350.3,23.5394,5.0,1522,14.9,18.779,1010.3,4.46,29.11,3.1152105810000004
7/1/1959,2348.5,22.9757,5.1,1591,14.3,18.715999999999998,1012.7,4.47,29.15,3.0074824239999995
8/1/1959,2335.8,22.1973,5.2,1607,13.7,18.828,1015.8,4.43,29.18,3.035909091
9/1/1959,2336.7,22.1705,5.5,1602,13.7,19.017,1014.4,4.52,29.25,3.172655565
10/1/1959,2340.8,22.0094,5.7,1750,12.9,18.887,1010.2,4.57,29.35,3.187140351
11/1/1959,2358.3,22.1436,5.8,1745,13.1,18.879,1012.3,4.56,29.35,3.185968897
12/1/1959,2380.9,23.5125,5.3,1657,13.1,18.858,1012.6,4.58,29.41,3.098543854
1/1/1960,2391.2,24.1298,5.2,1638,13.5,18.91,1015.3,4.61,29.37,3.216732724
2/1/1960,2392.8,23.9151,4.8,1431,13.1,18.993,1015.0,4.56,29.41,3.4122086769999997
3/1/1960,2397.2,23.7004,5.4,1666,13.0,19.262,1018.0,4.49,29.41,3.525990549
4/1/1960,2405.6,23.5125,5.2,1735,12.6,19.56,1015.9,4.45,29.54,3.48704468
5/1/1960,2411.7,23.4857,5.1,1718,11.9,19.166,1017.6,4.46,29.57,3.525298805
6/1/1960,2412.8,23.1904,5.4,1738,11.9,19.160999999999998,1020.9,4.45,29.61,3.405518687
7/1/1960,2415.3,23.1099,5.5,1709,12.6,19.2,1029.1,4.41,29.55,3.492120344
8/1/1960,2414.0,23.0831,5.6,1746,12.2,19.182000000000002,1036.5,4.28,29.61,3.450716687
9/1/1960,2417.6,22.8415,5.5,1677,12.9,19.274,1041.5,4.25,29.61,3.557744937
10/1/1960,2424.5,22.8147,6.1,1766,13.5,19.367,1040.3,4.3,29.75,3.629257398
11/1/1960,2413.5,22.4926,6.1,1718,13.9,19.3,1044.0,4.31,29.78,3.515413737
12/1/1960,2401.0,22.0631,6.6,2102,12.4,19.064,1048.0,4.35,29.81,3.433098592
1/1/1961,2424.5,22.09,6.6,1884,13.7,19.112000000000002,1052.6,4.32,29.84,3.259661755
2/1/1961,2434.1,22.0631,6.9,2037,13.6,19.183,1060.7,4.27,29.84,3.125832395
3/1/1961,2443.3,22.1973,6.9,1863,14.1,19.421,1066.7,4.22,29.84,3.025577043
4/1/1961,2449.2,22.6536,7.0,1729,15.5,19.430999999999997,1073.1,4.25,29.81,2.946984657
5/1/1961,2467.6,23.0025,7.1,1748,15.6,19.549,1079.8,4.27,29.84,2.917293233
6/1/1961,2491.2,23.3246,6.9,1841,16.2,19.596,1086.8,4.33,29.84,2.956415727
7/1/1961,2498.9,23.593000000000004,7.0,1789,17.3,19.537,1088.2,4.41,29.92,2.97474022
8/1/1961,2499.6,23.8078,6.6,1701,17.0,19.607,1094.2,4.45,29.94,2.881442691
9/1/1961,2502.8,23.7809,6.7,1859,16.1,19.715999999999998,1099.1,4.45,29.98,2.914064823
10/1/1961,2526.7,24.2372,6.5,1811,15.9,19.84,1104.4,4.42,29.98,2.911764706
11/1/1961,2550.1,24.613000000000003,6.1,1638,17.0,20.031,1112.1,4.39,29.98,2.813731007
12/1/1961,2564.5,24.8277,6.0,1734,15.8,20.17,1118.0,4.42,30.01,2.8157234460000002
1/1/1962,2561.2,24.613000000000003,5.8,1701,15.3,20.176,1123.5,4.42,30.04,2.934226147
2/1/1962,2572.8,25.0156,5.5,1504,16.0,20.167,1129.5,4.42,30.11,2.895656508
3/1/1962,2590.1,25.1498,5.6,1721,15.0,20.335,1137.2,4.39,30.17,2.9022620569999997
4/1/1962,2602.9,25.2035,5.6,1629,14.9,20.405,1143.7,4.33,30.21,3.007597355
5/1/1962,2605.8,25.1766,5.5,1543,15.5,20.561,1149.1,4.28,30.24,3.2597713919999998
6/1/1962,2611.4,25.123,5.5,1598,15.1,20.458,1156.2,4.28,30.21,3.7030379289999997
7/1/1962,2622.9,25.3645,5.4,1592,14.6,20.525,1160.8,4.34,30.22,3.62764613
8/1/1962,2626.5,25.3914,5.7,1731,14.5,20.583000000000002,1165.1,4.35,30.28,3.542942584
9/1/1962,2627.7,25.5524,5.6,1749,14.1,20.814,1166.7,4.32,30.42,3.586206897
10/1/1962,2640.6,25.5793,5.4,1636,14.1,20.712,1175.8,4.28,30.38,3.7327220939999997
11/1/1962,2652.4,25.6866,5.7,1838,13.3,20.986,1184.3,4.25,30.38,3.5198700869999997
12/1/1962,2664.6,25.6866,5.5,1732,13.6,21.101999999999997,1193.9,4.24,30.38,3.400383142
1/1/1963,2680.6,25.8745,5.7,1730,13.8,21.090999999999998,1199.7,4.21,30.44,3.2841530889999997
2/1/1963,2665.9,26.1698,5.9,1858,14.1,21.013,1207.0,4.19,30.48,3.251410801
3/1/1963,2677.6,26.3308,5.7,1701,14.5,21.121,1215.0,4.19,30.51,3.273945485
4/1/1963,2685.6,26.5724,5.7,1717,14.5,21.198,1224.7,4.21,30.48,3.1510616639999998
5/1/1963,2696.4,26.8945,5.9,1870,14.5,21.213,1232.7,4.22,30.51,3.112817223
6/1/1963,2710.3,26.975,5.6,1719,14.0,21.419,1236.2,4.23,30.61,3.137926116
7/1/1963,2711.1,26.8676,5.6,1693,14.0,21.529,1241.8,4.26,30.69,3.189995657
8/1/1963,2721.3,26.9213,5.4,1677,13.9,21.605,1247.5,4.29,30.75,3.1088616510000002
9/1/1963,2739.3,27.1897,5.5,1695,14.2,21.565,1256.5,4.31,30.72,3.033630748
10/1/1963,2755.5,27.3776,5.5,1738,13.9,21.553,1262.8,4.32,30.75,3.058099411
11/1/1963,2760.3,27.5118,5.7,1859,13.3,21.714000000000002,1271.9,4.33,30.78,3.10750482
12/1/1963,2781.8,27.4581,5.5,1774,13.3,21.973000000000003,1273.3,4.35,30.88,3.074019145
1/1/1964,2793.5,27.6997,5.6,1805,13.5,22.045,1277.3,4.39,30.94,3.004146501
2/1/1964,2803.9,27.8876,5.4,1708,13.2,22.201,1286.3,4.36,30.91,2.989184649
3/1/1964,2817.0,27.8876,5.4,1783,13.5,22.279,1292.2,4.38,30.94,2.956852792
4/1/1964,2834.3,28.3439,5.3,1767,12.4,22.316999999999997,1297.9,4.4,30.95,2.9355391539999998
5/1/1964,2851.9,28.5049,5.1,1681,13.6,22.625,1304.7,4.41,30.98,2.92781219
6/1/1964,2862.4,28.5854,5.2,1719,13.6,22.754,1312.8,4.41,31.01,2.966101695
7/1/1964,2875.0,28.7733,4.9,1486,14.7,22.921,1322.1,4.4,31.02,2.8839221339999996
8/1/1964,2894.9,28.9612,5.0,1696,13.0,23.058000000000003,1331.4,4.41,31.05,2.9512195119999998
9/1/1964,2906.7,29.0686,5.1,1703,12.7,22.961,1341.4,4.42,31.08,2.9253087160000004
10/1/1964,2908.5,28.6659,5.1,1754,12.6,23.111,1346.7,4.42,31.12,2.899233942
11/1/1964,2925.6,29.5517,4.8,1596,14.0,22.901,1352.1,4.43,31.21,2.902621723
12/1/1964,2954.8,29.9006,5.0,1672,12.7,23.123,1359.0,4.44,31.25,2.977608385
1/1/1965,2974.8,30.2227,4.9,1626,12.2,23.285999999999998,1366.7,4.43,31.28,2.9222828610000002
2/1/1965,2975.9,30.4106,5.1,1743,12.6,23.658,1376.0,4.41,31.28,2.92026513
3/1/1965,2989.2,30.8132,4.7,1702,12.0,23.730999999999998,1383.6,4.42,31.31,2.936773005
4/1/1965,3003.4,30.9474,4.8,1747,11.4,23.9,1387.5,4.43,31.38,2.9214504939999997
5/1/1965,3019.1,31.189,4.6,1670,11.1,23.878,1388.5,4.44,31.48,2.900985663
6/1/1965,3027.0,31.4305,4.6,1656,11.6,23.68,1392.3,4.46,31.61,3.069143932
7/1/1965,3047.2,31.7258,4.4,1654,11.6,23.978,1402.5,4.48,31.58,3.093475445
8/1/1965,3059.9,31.86,4.4,1613,11.9,24.154,1413.0,4.49,31.55,3.0562261530000003
9/1/1965,3138.6,31.9405,4.3,1627,11.9,24.558000000000003,1421.6,4.52,31.62,2.976057284
10/1/1965,3122.0,32.2626,4.2,1533,12.1,24.9,1430.0,4.56,31.65,2.932487143
11/1/1965,3146.1,32.3968,4.1,1531,11.7,24.89,1435.3,4.6,31.75,2.930005426
12/1/1965,3162.8,32.7994,4.0,1436,11.4,24.941999999999997,1441.8,4.68,31.85,2.965224027
1/1/1966,3172.3,33.1215,4.0,1523,11.9,25.1,1449.2,4.74,31.88,2.936133733
2/1/1966,3186.2,33.3363,3.8,1505,11.2,25.268,1448.3,4.78,32.08,2.977667494
3/1/1966,3200.9,33.7925,3.8,1523,11.1,25.464000000000002,1451.8,4.92,32.18,3.1278127810000003
4/1/1966,3200.4,33.8462,3.8,1563,10.8,25.476999999999997,1453.8,4.96,32.28,3.0531331880000003
5/1/1966,3210.5,34.1683,3.9,1631,10.2,25.24,1453.2,4.98,32.35,3.241910578
6/1/1966,3226.5,34.3293,3.8,1647,9.7,25.307,1455.2,5.07,32.38,3.2884034389999997
7/1/1966,3240.1,34.5172,3.8,1640,9.7,25.525,1451.2,5.16,32.45,3.320130475
8/1/1966,3255.7,34.5441,3.8,1622,9.8,25.565,1447.5,5.31,32.65,3.558586485
9/1/1966,3273.9,34.8662,3.7,1555,10.1,25.8,1451.6,5.49,32.75,3.7141755560000003
10/1/1966,3289.1,35.1077,3.7,1541,10.3,25.686,1448.1,5.41,32.85,3.738273046
11/1/1966,3308.9,34.8661,3.6,1499,9.7,25.74,1451.6,5.35,32.88,3.551882949
12/1/1966,3307.2,34.9467,3.8,1582,9.5,25.781,1458.7,5.39,32.92,3.5288331489999996
1/1/1967,3338.8,35.1115,3.9,1608,9.3,25.904,1463.8,5.2,32.9,3.410301954
2/1/1967,3342.1,34.7133,3.8,1596,9.2,25.809,1470.0,5.03,33.0,3.308150183
3/1/1967,3362.5,34.5176,3.8,1586,8.9,25.944000000000003,1483.9,5.13,33.0,3.2431223439999997
4/1/1967,3359.5,34.8432,3.8,1547,8.8,26.189,1486.7,5.11,33.1,3.1882146000000002
5/1/1967,3365.3,34.5392,3.8,1581,8.7,26.186999999999998,1502.1,5.24,33.1,3.1320876980000003
6/1/1967,3378.6,34.5349,3.9,1704,8.3,26.34,1507.5,5.44,33.3,3.17182544
7/1/1967,3397.5,34.4562,3.8,1642,8.3,26.247,1515.9,5.58,33.4,3.1251155789999996
8/1/1967,3411.6,35.1164,3.8,1595,8.9,26.325,1524.8,5.62,33.5,3.083215155
9/1/1967,3413.6,35.0594,3.8,1667,8.4,26.545,1531.8,5.65,33.6,3.04769857
10/1/1967,3412.7,35.3449,4.0,1730,8.7,26.296,1537.7,5.82,33.7,3.052477525
11/1/1967,3433.2,35.8504,3.9,1680,8.9,26.475,1537.5,6.07,33.9,3.151305849
12/1/1967,3463.5,36.2365,3.8,1616,8.6,26.826999999999998,1543.5,6.19,34.0,3.064008395
1/1/1968,3470.6,36.1975,3.7,1458,9.4,26.996,1546.6,6.17,34.1,3.082912458
2/1/1968,3496.9,36.3272,3.8,1710,8.7,27.021,1550.9,6.1,34.2,3.2396694210000003
3/1/1968,3526.3,36.4406,3.7,1651,8.5,27.474,1554.5,6.11,34.3,3.311258278
4/1/1968,3544.5,36.4934,3.5,1436,8.7,27.374000000000002,1557.3,6.21,34.4,3.0974495660000003
5/1/1968,3562.0,36.9027,3.5,1567,8.2,27.561999999999998,1562.0,6.27,34.5,3.0414529480000003
6/1/1968,3577.3,37.0383,3.7,1755,7.9,27.799,1563.7,6.28,34.7,2.9751243780000003
7/1/1968,3599.1,36.9815,3.7,1647,8.4,28.057,1563.3,6.24,34.9,2.9943469589999996
8/1/1968,3614.2,37.0847,3.5,1645,8.3,28.134,1569.7,6.02,35.0,3.0747834060000003
9/1/1968,3629.3,37.2251,3.4,1534,8.2,28.095,1577.2,5.97,35.1,2.9911154989999997
10/1/1968,3635.6,37.299,3.4,1507,8.4,28.142,1579.6,6.09,35.3,2.931917148
11/1/1968,3650.8,37.7815,3.4,1593,8.1,28.298000000000002,1588.7,6.19,35.4,2.900066414
12/1/1968,3664.7,37.9008,3.4,1527,8.2,28.23,1592.1,6.45,35.6,2.882629108
1/1/1969,3668.5,38.1301,3.4,1554,8.1,28.459,1594.7,6.59,35.7,3.019607843
2/1/1969,3684.9,38.3741,3.4,1442,7.9,28.641,1597.5,6.66,35.8,3.044334975
3/1/1969,3700.8,38.675,3.4,1603,7.9,28.516,1591.1,6.85,36.1,3.121852971
4/1/1969,3714.4,38.5327,3.4,1600,7.9,28.631,1586.0,6.89,36.3,3.070088845
5/1/1969,3729.2,38.3871,3.4,1649,7.9,28.822,1583.8,6.79,36.4,2.982791587
6/1/1969,3741.2,38.7621,3.5,1664,7.7,28.712,1580.6,6.98,36.6,3.157151503
7/1/1969,3764.0,38.9667,3.5,1686,7.8,28.673000000000002,1574.7,7.08,36.8,3.311867807
8/1/1969,3788.9,39.0563,3.5,1637,7.9,28.936,1572.1,6.97,36.9,3.33757698
9/1/1969,3797.4,39.0475,3.7,1693,8.0,28.973000000000003,1569.0,7.14,37.1,3.332980637
10/1/1969,3807.1,39.0589,3.7,1814,7.6,29.122,1564.1,7.33,37.3,3.301224874
11/1/1969,3808.7,38.6908,3.5,1580,8.0,29.089000000000002,1561.1,7.35,37.5,3.2810206839999996
12/1/1969,3815.6,38.5869,3.5,1585,8.0,29.063000000000002,1559.4,7.72,37.7,3.46833498
1/1/1970,3823.6,37.8724,3.9,1800,7.9,29.236,1555.7,7.91,37.9,3.5027460969999997
2/1/1970,3831.1,37.8474,4.2,1950,8.0,29.363000000000003,1538.8,7.93,38.1,3.633168885
3/1/1970,3843.9,37.7983,4.4,1978,8.3,29.215,1533.4,7.84,38.3,3.5758601239999996
4/1/1970,3890.9,37.7011,4.6,2139,8.2,29.238000000000003,1528.3,7.83,38.5,3.692065154
5/1/1970,3864.6,37.6572,4.8,2109,8.6,29.44,1532.4,8.11,38.6,4.176531686000001
6/1/1970,3858.6,37.5354,4.9,2100,8.6,29.54,1534.0,8.48,38.8,4.206905675
7/1/1970,3888.5,37.6275,5.0,2132,8.9,29.533,1540.1,8.44,38.9,4.204080824
8/1/1970,3899.7,37.5604,5.1,2182,8.8,29.656999999999996,1551.0,8.13,39.0,4.0896688910000005
9/1/1970,3906.2,37.3015,5.4,2235,8.9,29.803,1559.2,8.09,39.2,3.862920804
10/1/1970,3887.4,36.5553,5.5,2386,8.7,29.623,1564.5,8.03,39.4,3.76120659
11/1/1970,3881.9,36.3339,5.9,2338,9.3,29.428,1568.4,8.05,39.6,3.745455624
12/1/1970,3893.2,37.1684,6.1,2369,9.8,29.701,1574.1,7.64,39.8,3.4869516939999996
1/1/1971,3929.6,37.4543,5.9,2302,10.5,30.108,1586.2,7.36,39.9,3.347951653
2/1/1971,3937.4,37.3829,5.9,2178,10.4,30.164,1606.5,7.08,39.9,3.2128514060000004
3/1/1971,3948.5,37.3424,6.0,2144,10.6,30.179000000000002,1624.8,7.21,40.0,3.12248996
4/1/1971,3961.5,37.5521,5.9,2206,10.9,30.36,1641.9,7.25,40.1,3.0161844660000003
5/1/1971,3975.1,37.7426,5.9,2229,11.2,30.338,1654.3,7.53,40.3,3.0544586610000004
6/1/1971,4047.8,37.9009,5.9,2180,11.6,30.583000000000002,1661.7,7.64,40.5,3.108704372
7/1/1971,3998.7,37.7909,6.0,2210,11.5,30.451999999999998,1673.9,7.64,40.6,3.127949495
8/1/1971,4019.1,37.5716,6.1,2337,11.5,30.625999999999998,1684.3,7.59,40.7,3.181129165
9/1/1971,4031.0,38.1822,6.0,2301,11.9,30.932,1697.3,7.44,40.8,3.1086519110000004
10/1/1971,4043.6,38.468,5.8,2222,12.6,31.006999999999998,1707.6,7.39,40.9,3.169215747
11/1/1971,4067.4,38.6313,6.0,2304,12.0,31.165,1718.5,7.26,41.0,3.31609183
12/1/1971,4095.0,39.0772,6.0,2320,11.5,31.366,1728.2,7.25,41.1,3.095694262
1/1/1972,4112.8,40.0157,5.8,2324,12.1,31.37,1742.0,7.19,41.2,2.971926428
2/1/1972,4144.0,40.3955,5.7,2111,12.4,31.447,1752.9,7.27,41.4,2.918250951
3/1/1972,4164.9,40.694,5.8,2303,12.3,31.958000000000002,1771.7,7.24,41.4,2.850510678
4/1/1972,4176.5,41.1164,5.7,2229,12.4,32.052,1779.3,7.3,41.5,2.8216911760000003
5/1/1972,4192.4,41.0952,5.7,2192,12.3,32.213,1786.8,7.3,41.6,2.850510678
6/1/1972,4200.6,41.2034,5.7,2279,12.4,32.318000000000005,1797.8,7.23,41.7,2.842592593
7/1/1972,4228.3,41.1879,5.6,2248,11.8,32.556,1817.0,7.21,41.8,2.8669123130000003
8/1/1972,4267.8,41.7352,5.6,2285,11.8,32.731,1834.6,7.19,41.9,2.771774775
9/1/1972,4283.1,42.0547,5.5,2353,12.1,32.787,1848.7,7.22,42.1,2.81535649
10/1/1972,4381.3,42.6321,5.6,2351,11.7,33.328,1864.7,7.21,42.2,2.8315054739999996
11/1/1972,4426.4,43.1184,5.3,2191,11.4,33.459,1872.4,7.12,42.4,2.7164813210000003
12/1/1972,4440.5,43.6139,5.2,2003,11.4,33.588,1887.8,7.08,42.5,2.680851064
1/1/1973,4423.5,43.9001,4.9,2035,11.0,33.916,1897.7,7.15,42.7,2.666106419
2/1/1973,4438.9,44.563,5.0,2259,10.5,34.123000000000005,1893.3,7.22,43.0,2.769991243
3/1/1973,4442.2,44.5844,4.9,2136,10.6,34.168,1878.6,7.29,43.4,2.820284698
4/1/1973,4451.7,44.5103,5.0,2260,10.0,34.035,1875.7,7.26,43.7,2.889093382
5/1/1973,4469.7,44.7949,4.9,2223,10.1,34.107,1883.4,7.29,43.9,2.98818097
6/1/1973,4481.7,44.8241,4.9,2322,9.6,34.022,1885.3,7.37,44.2,3.0725190839999996
7/1/1973,4494.6,45.016000000000005,4.8,2271,9.6,34.294000000000004,1892.5,7.45,44.2,3.059234405
8/1/1973,4482.4,44.9347,4.8,2290,9.8,33.87,1864.0,7.68,45.0,3.1342292869999997
9/1/1973,4508.3,45.343999999999994,4.8,2211,9.4,34.366,1856.9,7.63,45.2,3.0965909089999997
10/1/1973,4548.4,45.6563,4.6,2063,10.2,34.13,1847.8,7.6,45.6,3.011539162
11/1/1973,4558.9,45.8834,4.8,2288,9.9,34.193000000000005,1849.5,7.67,45.9,3.27777451
12/1/1973,4545.6,45.7719,4.9,2332,9.5,33.906,1847.7,7.68,46.3,3.5661531969999998
1/1/1974,4509.3,45.4415,5.1,2400,9.5,33.89,1837.0,7.83,46.8,3.537613152
2/1/1974,4480.9,45.3088,5.2,2432,9.6,33.696999999999996,1827.1,7.85,47.3,3.659711075
3/1/1974,4450.5,45.3135,5.1,2413,9.7,33.749,1820.3,8.01,47.8,3.5303776680000003
4/1/1974,4447.0,45.18600000000001,5.1,2337,9.8,33.861,1814.8,8.25,48.1,3.742158771
5/1/1974,4451.0,45.5153,5.1,2457,9.6,33.957,1799.6,8.37,48.6,3.880896621
6/1/1974,4453.8,45.472,5.4,2497,9.7,33.875,1791.4,8.47,49.0,3.897984185
7/1/1974,4477.2,45.4708,5.5,2526,9.9,33.984,1787.8,8.72,49.3,4.4508889169999994
8/1/1974,4456.7,45.0331,5.5,2609,9.8,34.236,1771.7,9.0,49.9,4.682362225
9/1/1974,4449.8,45.0658,5.9,2723,9.6,33.891999999999996,1754.7,9.24,50.6,5.270111568
10/1/1974,4469.9,44.8969,6.0,2723,9.9,33.798,1751.6,9.27,51.0,5.174726382
11/1/1974,4444.2,43.4159,6.6,3052,9.6,33.441,1744.9,8.89,51.5,5.013479231
12/1/1974,4440.5,41.8924,7.2,3125,10.1,33.375,1738.2,8.89,51.9,5.367526465
1/1/1975,4437.2,41.3111,8.1,3293,10.7,33.646,1732.9,8.83,52.3,4.993563947
2/1/1975,4434.0,40.3562,8.1,2947,11.7,33.94,1737.8,8.62,52.6,4.552646692
3/1/1975,4437.0,39.9284,8.6,3193,11.8,33.87,1751.9,8.67,52.8,4.380520411
4/1/1975,4444.4,39.9825,8.8,2915,12.9,33.913000000000004,1764.3,8.95,53.0,4.347651086
5/1/1975,4470.3,39.8893,9.0,3051,13.4,34.593,1785.1,8.9,53.1,4.102852386
6/1/1975,4546.8,40.1595,8.8,2872,15.3,34.645,1800.0,8.77,53.5,4.015151515
7/1/1975,4498.3,40.5909,8.6,2882,15.0,34.786,1805.7,8.84,54.0,4.011244458999999
8/1/1975,4531.2,40.9584,8.4,2808,15.6,34.875,1813.8,8.95,54.2,4.3285497610000006
9/1/1975,4543.1,41.4732,8.4,2878,16.1,34.963,1815.9,8.95,54.6,4.381717255
10/1/1975,4563.7,41.6418,8.4,2962,15.4,34.957,1817.5,8.86,54.9,4.1774867339999995
11/1/1975,4563.5,41.7507,8.3,2718,16.6,35.22,1820.8,8.78,55.3,4.096813589
12/1/1975,4568.5,42.2684,8.2,2762,16.5,35.556,1827.7,8.79,55.6,4.148816234
1/1/1976,4597.2,42.885,7.9,2749,16.6,35.909,1839.8,8.6,55.8,3.8027359069999997
2/1/1976,4623.7,43.2957,7.7,2799,16.3,35.88,1861.0,8.55,55.9,3.6646819089999996
3/1/1976,4636.1,43.3395,7.6,2628,16.5,36.058,1875.0,8.52,56.0,3.649851632
4/1/1976,4652.3,43.5878,7.7,2938,15.9,36.315,1890.9,8.4,56.1,3.6440922469999997
5/1/1976,4657.6,43.7862,7.4,2795,15.0,36.056,1900.9,8.58,56.4,3.69236166
6/1/1976,4663.0,43.7843,7.6,2787,16.9,36.468,1900.5,8.62,56.7,3.693516699
7/1/1976,4692.3,44.0423,7.8,2965,15.7,36.574,1905.8,8.56,57.0,3.637236084
8/1/1976,4704.3,44.3471,7.8,2893,15.6,36.64,1917.5,8.45,57.3,3.6979670860000002
9/1/1976,4707.6,44.4774,7.6,2910,15.2,36.779,1928.5,8.38,57.6,3.6492891000000003
10/1/1976,4707.9,44.4925,7.7,2945,15.2,36.838,1943.0,8.32,57.9,3.843640824
11/1/1976,4748.5,45.1442,7.8,2826,15.3,37.051,1959.0,8.25,58.1,3.936096838
12/1/1976,4756.9,45.6135,7.8,2921,15.1,37.54,1972.6,7.98,58.4,3.868194842
1/1/1977,4726.2,45.3646,7.5,2894,15.2,37.422,1985.0,7.96,58.7,3.946695568
2/1/1977,4743.1,46.055,7.6,3015,14.7,37.628,1985.8,8.04,59.3,4.102306931
3/1/1977,4767.3,46.6286,7.4,2993,14.5,37.654,1994.1,8.1,59.6,4.16500994
4/1/1977,4794.8,47.0508,7.2,3015,14.4,37.708,1999.3,8.04,60.0,4.287400303
5/1/1977,4810.5,47.4509,7.0,2754,14.9,37.815,2008.3,8.05,60.2,4.35736128
6/1/1977,4819.9,47.8008,7.2,3138,14.4,37.803000000000004,2012.9,7.95,60.5,4.391177358999999
7/1/1977,4849.5,47.8822,6.9,2859,14.3,38.11,2017.6,7.94,60.8,4.397874251
8/1/1977,4869.4,47.8922,7.0,2896,13.9,38.089,2024.5,7.98,61.1,4.555836317
9/1/1977,4899.6,48.1184,6.8,2883,14.0,38.208,2033.0,7.92,61.3,4.6762963730000005
10/1/1977,4942.9,48.2307,6.8,2883,13.7,38.525999999999996,2035.7,8.04,61.6,4.860966503
11/1/1977,4982.6,48.2623,6.8,2924,13.6,38.762,2036.1,8.08,62.0,4.893222317
12/1/1977,5002.9,48.3303,6.4,2729,13.6,38.841,2039.0,8.19,62.3,4.977616713
1/1/1978,4983.7,47.672,6.4,2824,12.9,38.43,2041.0,8.41,62.7,5.222526316000001
2/1/1978,5005.5,47.9164,6.3,2764,12.5,38.992,2040.5,8.47,63.0,5.345774331
3/1/1978,5033.2,48.8192,6.3,2871,12.4,39.381,2038.2,8.47,63.4,5.404188246
4/1/1978,5060.6,49.8393,6.1,2750,12.3,39.617,2035.1,8.56,63.9,5.2169884589999995
5/1/1978,5065.1,50.0106,6.0,2870,12.1,39.774,2031.8,8.69,64.5,5.002905246
6/1/1978,5083.1,50.3556,5.9,2788,12.1,39.903,2028.5,8.76,65.0,5.027646938
7/1/1978,5110.2,50.3372,6.2,3069,12.0,39.714,2021.5,8.88,65.5,5.089690297
8/1/1978,5132.3,50.5218,5.9,2858,11.4,40.071999999999996,2023.5,8.69,65.9,4.796275265
9/1/1978,5138.3,50.6636,6.0,2941,11.4,40.008,2022.6,8.69,66.5,4.831568816
10/1/1978,5162.2,51.0728,5.8,2786,11.7,40.075,2015.4,8.89,67.1,5.006630219
11/1/1978,5172.5,51.445,5.9,2903,11.1,40.219,2013.5,9.03,67.5,5.335582304
12/1/1978,5204.4,51.7376,6.0,2978,10.6,40.459,2011.8,9.16,67.9,5.275205494
1/1/1979,5213.2,51.3926,5.9,2791,11.1,40.312,2002.3,9.25,68.5,5.128201785
2/1/1979,5233.8,51.6837,5.9,2899,11.2,40.507,1991.0,9.26,69.2,5.2495877019999995
3/1/1979,5250.8,51.8569,5.8,2843,11.7,40.546,1985.4,9.37,69.9,5.194805195
4/1/1979,5210.1,51.2945,5.8,2938,11.0,40.32,1986.0,9.38,70.6,5.138756121
5/1/1979,5191.7,51.6919,5.6,2773,11.1,40.435,1975.1,9.5,71.4,5.307660684
6/1/1979,5189.3,51.685,5.7,2947,10.4,40.539,1970.9,9.29,72.2,5.250737463
7/1/1979,5229.2,51.6005,5.7,2890,10.3,40.501999999999995,1965.5,9.2,73.0,5.254790652
8/1/1979,5236.3,51.2595,6.0,3296,10.6,40.941,1962.8,9.23,73.7,5.077588454
9/1/1979,5237.7,51.3229,5.9,2946,10.5,41.045,1954.4,9.44,74.4,5.073664825
10/1/1979,5245.3,51.595,6.0,3039,10.5,40.909,1942.0,10.13,75.2,5.31738756
11/1/1979,5264.4,51.5496,5.9,3030,10.6,41.015,1928.8,10.76,76.0,5.40340405
12/1/1979,5280.9,51.599,6.0,3013,10.8,40.891999999999996,1916.4,10.74,76.9,5.241187384
1/1/1980,5286.3,51.8227,6.3,3215,10.4,41.217,1900.9,11.09,78.0,5.139765555
2/1/1980,5260.9,51.8523,6.3,3134,10.6,40.871,1891.9,12.38,79.0,4.98699046
3/1/1980,5225.6,51.6869,6.3,3097,11.0,40.539,1872.4,12.96,80.1,5.539637057999999
4/1/1980,5197.1,50.6413,6.9,3374,11.4,40.024,1856.9,12.04,80.9,5.676378641
5/1/1980,5184.5,49.4133,7.5,3754,10.9,39.829,1851.0,10.99,81.7,5.4719870010000005
6/1/1980,5193.8,48.8003,7.6,3409,11.3,40.015,1853.6,10.58,82.5,5.183246073
7/1/1980,5234.8,48.4819,7.8,3458,11.8,40.357,1871.1,11.07,82.6,4.994432387
8/1/1980,5249.6,48.6125,7.7,3415,12.4,40.400999999999996,1876.8,11.64,83.2,4.879894737
9/1/1980,5277.9,49.4073,7.5,3150,12.9,40.403,1876.0,12.02,83.9,4.7984189719999994
10/1/1980,5343.4,50.0203,7.5,3236,13.1,40.898,1871.1,12.31,84.7,4.685099846
11/1/1980,5361.5,50.8923,7.5,3146,13.6,40.785,1864.3,12.97,85.6,4.517317612
12/1/1980,5387.8,51.1886,7.2,3097,13.7,41.083,1851.6,13.21,86.4,4.61423221
1/1/1981,5361.4,50.9085,7.5,3318,14.3,41.159,1842.8,12.81,87.2,4.661654135
2/1/1981,5343.9,50.6585,7.4,3287,14.1,41.066,1839.4,13.35,88.0,4.859813084
3/1/1981,5358.9,50.9285,7.4,3328,14.0,41.187,1847.2,13.33,88.6,4.714714715
4/1/1981,5347.8,50.7029,7.2,3185,13.9,41.033,1862.2,13.88,89.1,4.6999032739999995
5/1/1981,5362.6,51.0228,7.5,3409,13.6,41.044,1855.3,14.32,89.7,4.824092635
6/1/1981,5390.0,51.2552,7.5,3340,13.7,41.31399999999999,1845.6,13.75,90.5,4.829931973
7/1/1981,5468.7,51.5854,7.2,3307,13.8,41.22,1838.1,14.38,91.5,4.983214562
8/1/1981,5487.4,51.5768,7.4,3320,14.4,41.473,1837.6,14.89,92.2,4.997430556
9/1/1981,5482.9,51.2536,7.6,3493,13.6,41.193000000000005,1832.4,15.49,93.1,5.511411665
10/1/1981,5466.5,50.8998,7.9,3656,13.5,40.966,1843.5,15.4,93.4,5.473013356
11/1/1981,5472.2,50.3323,8.3,3812,13.1,40.876999999999995,1850.9,14.22,93.8,5.3647925139999995
12/1/1981,5468.8,49.7768,8.5,3949,13.1,41.115,1865.6,14.23,94.1,5.355411955
1/1/1982,5452.5,48.8027,8.6,3924,13.4,41.026,1875.4,15.18,94.4,5.677749361
2/1/1982,5475.0,49.7531,8.9,3808,14.1,41.394,1873.8,15.27,94.7,5.84279476
3/1/1982,5470.6,49.38399999999999,9.0,3896,14.1,41.353,1886.5,14.58,94.7,6.064981949
4/1/1982,5508.0,48.9496,9.3,3951,14.5,41.388000000000005,1898.8,14.46,95.0,5.803955287999999
5/1/1982,5507.5,48.6488,9.4,3885,14.9,41.526,1893.0,14.26,95.9,5.824742268
6/1/1982,5488.0,48.4896,9.6,3606,15.7,41.315,1882.5,14.81,97.0,6.207839562
7/1/1982,5492.7,48.3322,9.8,3929,15.4,41.571000000000005,1878.8,14.61,97.5,6.237047532
8/1/1982,5499.1,47.9335,9.8,3895,16.2,41.61600000000001,1889.0,13.71,97.7,6.232151322000001
9/1/1982,5497.9,47.7816,10.1,3966,16.6,42.003,1902.6,12.94,97.7,5.596405229
10/1/1982,5498.9,47.3564,10.4,3873,17.2,42.199,1906.3,12.12,98.1,5.167045968
11/1/1982,5520.4,47.1725,10.8,3974,17.1,42.54600000000001,1922.6,11.68,98.0,4.969826213
12/1/1982,5549.6,46.8316,10.8,3939,18.1,42.729,1951.3,11.83,97.7,4.9282639889999995
1/1/1983,5536.3,47.7196,10.4,3654,19.4,42.768,2001.8,11.79,97.9,4.77015246
2/1/1983,5540.1,47.431000000000004,10.4,3717,19.2,42.751999999999995,2038.0,12.01,98.0,4.698004087
3/1/1983,5566.4,47.81399999999999,10.3,3502,19.4,43.193000000000005,2054.5,11.73,98.1,4.549045425
4/1/1983,5568.9,48.3951,10.2,3539,19.5,43.449,2053.5,11.51,98.8,4.38807863
5/1/1983,5604.2,48.7317,10.1,3531,20.5,43.699,2059.9,11.46,99.2,4.223034735
6/1/1983,5604.6,49.0093,10.1,3686,20.8,44.113,2066.2,11.74,99.4,4.170673077
7/1/1983,5621.5,49.7543,9.4,3459,21.2,44.407,2069.2,12.15,99.8,4.167664671
8/1/1983,5620.3,50.3086,9.5,3632,20.0,44.52,2072.2,12.51,100.1,4.298029557
9/1/1983,5651.5,51.0787,9.2,3768,20.2,44.637,2075.2,12.37,100.4,4.186602871
10/1/1983,5705.5,51.4926,8.8,3491,20.2,44.99100000000001,2082.8,12.25,100.8,4.192009541
11/1/1983,5751.6,51.6677,8.5,3347,19.7,45.092,2089.6,12.41,101.1,4.273607748
12/1/1983,5803.6,51.9253,8.3,3455,19.2,45.588,2094.5,12.57,101.4,4.312652068
1/1/1984,5826.1,52.9632,8.0,3309,20.4,45.88,2094.5,12.2,102.1,4.278846154
2/1/1984,5860.4,53.2164,7.8,3327,19.0,45.278999999999996,2103.9,12.08,102.6,4.545454545
3/1/1984,5896.1,53.4651,7.8,3335,19.1,45.66,2114.2,12.57,102.9,4.5616264289999995
4/1/1984,5934.2,53.8086,7.7,3362,18.9,45.977,2122.1,12.81,103.3,4.5833312180000005
5/1/1984,5947.6,54.0599,7.4,3167,18.8,46.24,2130.0,13.28,103.5,4.640274585
6/1/1984,5992.6,54.2482,7.2,3261,18.1,46.555,2136.4,13.55,103.7,4.774657087
7/1/1984,6007.4,54.4279,7.5,3392,18.0,46.373999999999995,2136.3,13.44,104.1,4.8532958310000005
8/1/1984,6048.5,54.4617,7.5,3567,17.3,46.562,2136.7,12.87,104.4,4.474860097
9/1/1984,6095.0,54.3773,7.3,3325,17.0,46.902,2144.0,12.66,104.7,4.443106562
10/1/1984,6076.8,54.306000000000004,7.4,3423,16.7,46.753,2149.6,12.63,105.1,4.5084951460000005
11/1/1984,6107.9,54.5139,7.2,3392,17.0,47.428999999999995,2166.9,12.29,105.3,4.49789537
12/1/1984,6149.6,54.5713,7.3,3371,16.8,47.504,2186.5,12.13,105.5,4.577507599
1/1/1985,6143.3,54.4371,7.3,3667,15.9,47.928999999999995,2206.9,12.08,105.7,4.413362471
2/1/1985,6148.6,54.6664,7.2,3471,15.9,48.106,2214.9,12.13,106.3,4.210431177
3/1/1985,6173.3,54.7455,7.2,3519,16.1,48.06,2215.9,12.56,106.8,4.269788183
4/1/1985,6163.6,54.6042,7.3,3499,16.4,48.196999999999996,2220.3,12.23,107.0,4.256184939
5/1/1985,6170.6,54.6782,7.2,3503,15.3,48.753,2229.4,11.72,107.2,4.171622499
6/1/1985,6190.4,54.7159,7.4,3538,15.5,48.498000000000005,2244.7,10.94,107.5,4.097406035
7/1/1985,6199.9,54.339,7.4,3555,15.5,48.856,2256.2,10.97,107.7,4.038093506
8/1/1985,6199.0,54.5707,7.1,3439,15.3,49.351000000000006,2265.4,11.05,107.9,4.145868295
9/1/1985,6227.7,54.8135,7.1,3494,15.3,50.035,2272.7,11.07,108.1,4.258555133
10/1/1985,6258.3,54.5916,7.1,3424,15.3,49.269,2275.1,11.02,108.5,4.2212674539999995
11/1/1985,6271.3,54.7719,7.0,3463,15.7,49.405,2273.6,10.55,109.0,3.989873418
12/1/1985,6309.8,55.3412,7.0,3393,15.1,49.948,2276.3,10.16,109.5,3.810902074
1/1/1986,6298.2,55.6062,6.7,3333,14.8,49.989,2277.3,10.05,109.9,3.81364073
2/1/1986,6329.0,55.2091,7.2,3516,15.2,49.861999999999995,2291.2,9.67,109.7,3.637192343
3/1/1986,6389.1,54.8519,7.2,3540,14.6,50.032,2322.4,9.0,109.1,3.4524322
4/1/1986,6411.7,54.8839,7.1,3598,14.7,50.348,2353.6,8.79,108.7,3.3809537819999997
5/1/1986,6421.2,54.9927,7.2,3586,14.7,50.657,2372.0,9.09,109.0,3.385044025
6/1/1986,6425.9,54.8165,7.2,3489,15.2,50.553000000000004,2381.9,9.13,109.4,3.302079087
7/1/1986,6459.3,55.1675,7.0,3446,15.2,50.894,2399.5,8.88,109.5,3.3902289760000004
8/1/1986,6475.8,55.0457,6.9,3439,15.5,51.143,2415.5,8.72,109.6,3.341497959
9/1/1986,6485.0,55.1503,7.0,3405,15.4,52.265,2426.3,8.89,110.0,3.453629878
10/1/1986,6489.5,55.3968,7.0,3416,15.2,51.492,2439.8,8.86,110.2,3.473744735
11/1/1986,6503.4,55.6593,6.9,3343,15.0,51.32899999999999,2447.9,8.68,110.4,3.3714116689999996
12/1/1986,6530.4,56.1333,6.6,3297,15.0,52.468999999999994,2463.2,8.49,110.8,3.3306516489999995
1/1/1987,6526.2,55.9679,6.6,3390,14.9,51.101000000000006,2464.1,8.36,111.4,3.1379962189999997
2/1/1987,6548.3,56.6775,6.6,3323,14.7,52.073,2458.5,8.38,111.8,2.961908152
3/1/1987,6564.2,56.7642,6.6,3386,14.9,52.138999999999996,2455.3,8.36,112.2,2.851282051
4/1/1987,6560.8,57.1169,6.3,3162,14.8,52.391000000000005,2457.1,8.85,112.7,2.9035603180000003
5/1/1987,6601.0,57.4935,6.3,3315,14.9,52.427,2455.2,9.33,113.0,2.9263230719999997
6/1/1987,6595.3,57.7707,6.2,3167,14.9,52.651,2445.9,9.32,113.5,2.826808228
7/1/1987,6618.8,58.1523,6.1,3217,14.2,52.909,2443.4,9.42,113.8,2.76255079
8/1/1987,6653.8,58.6196,6.0,3191,14.4,53.317,2440.8,9.67,114.3,2.614854281
9/1/1987,6658.9,58.7737,5.9,3224,14.2,53.068000000000005,2442.2,10.18,114.7,2.717288987
10/1/1987,6700.3,59.6354,6.0,3241,14.0,53.032,2449.4,10.52,115.0,3.108493933
11/1/1987,6729.8,59.9604,5.8,3172,14.0,53.093999999999994,2444.9,10.01,115.4,3.575510204
12/1/1987,6803.4,60.2533,5.7,3178,14.2,53.501000000000005,2447.1,10.11,115.6,3.65560166
1/1/1988,6792.4,60.2832,5.7,3086,14.2,53.964,2456.7,9.88,116.0,3.535596806
2/1/1988,6819.3,60.5286,5.7,3057,14.4,54.016999999999996,2472.2,9.4,116.2,3.44956606
3/1/1988,6833.9,60.6669,5.7,3042,13.7,54.485,2483.3,9.39,116.5,3.36846067
4/1/1988,6849.6,60.9879,5.4,3107,13.3,54.263000000000005,2485.6,9.67,117.2,3.443766184
5/1/1988,6855.0,60.918,5.6,3095,13.8,54.611000000000004,2492.3,9.9,117.5,3.567618118
6/1/1988,6878.0,61.0765,5.4,3101,13.1,54.784,2492.1,9.86,118.0,3.4096786110000004
7/1/1988,6908.2,61.1063,5.4,2998,13.4,54.906000000000006,2489.0,9.96,118.5,3.458442958
8/1/1988,6926.1,61.3905,5.6,3172,13.6,55.152,2482.8,10.11,119.0,3.558335229
9/1/1988,6936.3,61.2132,5.4,3152,13.6,54.998000000000005,2476.5,9.82,119.5,3.529850746
10/1/1988,6975.7,61.5021,5.4,3106,13.4,55.453,2475.2,9.51,119.9,3.442682048
11/1/1988,6979.0,61.6122,5.3,3097,12.6,55.593999999999994,2479.4,9.45,120.3,3.557195572
12/1/1988,7019.4,61.8936,5.3,2972,12.9,55.898,2477.7,9.57,120.7,3.518987342
1/1/1989,7085.6,62.0714,5.4,3146,12.6,55.995,2470.3,9.62,121.2,3.438447793
2/1/1989,7108.6,61.806000000000004,5.2,3194,12.4,55.878,2462.5,9.64,121.6,3.3662142860000004
3/1/1989,7146.4,61.961000000000006,5.0,3042,12.3,55.842,2456.7,9.8,122.2,3.4096344380000003
4/1/1989,7119.3,62.0166,5.2,3110,12.5,56.173,2443.8,9.79,123.1,3.336652332
5/1/1989,7088.3,61.5631,5.2,3052,12.0,56.11,2436.5,9.57,123.7,3.24730806
6/1/1989,7108.5,61.6029,5.3,3303,11.1,56.223,2441.7,9.1,124.1,3.1819586039999996
7/1/1989,7133.8,61.0102,5.2,3173,11.8,56.398,2453.6,8.93,124.5,3.140494125
8/1/1989,7149.7,61.5621,5.2,3090,11.4,56.943000000000005,2471.2,8.96,124.5,3.042902481
9/1/1989,7168.0,61.3843,5.3,3214,11.5,56.84,2479.8,9.01,124.8,3.0722718110000002
10/1/1989,7199.4,61.3103,5.3,3218,11.9,56.801,2485.2,8.92,125.4,3.107858377
11/1/1989,7207.4,61.5146,5.4,3247,11.7,56.83,2490.3,8.89,125.9,3.2108465610000003
12/1/1989,7213.6,61.8768,5.4,3275,11.6,57.301,2497.5,8.86,126.3,3.1698221460000005
1/1/1990,7234.6,61.4882,5.4,3189,11.8,57.592,2485.1,8.99,127.5,3.2767597139999998
2/1/1990,7257.9,62.0678,5.3,3223,11.6,57.305,2485.1,9.22,128.0,3.398396126
3/1/1990,7261.4,62.3988,5.2,3206,11.7,57.503,2481.9,9.37,128.6,3.3445606569999997
4/1/1990,7304.2,62.3357,5.4,3269,11.8,57.61,2485.0,9.46,128.9,3.3818380739999996
5/1/1990,7289.5,62.4364,5.4,3117,11.7,57.574,2480.3,9.47,129.1,3.2985867239999997
6/1/1990,7305.9,62.6392,5.2,3151,11.6,57.756,2475.0,9.26,129.9,3.2381586610000004
7/1/1990,7330.4,62.5683,5.5,3221,11.9,57.88,2471.7,9.24,130.5,3.257145238
8/1/1990,7286.3,62.7314,5.7,3320,12.2,57.894,2464.4,9.41,131.6,3.5626001510000003
9/1/1990,7284.8,62.8608,5.9,3280,12.4,57.863,2457.2,9.56,132.5,3.7538442030000003
10/1/1990,7226.2,62.3779,5.9,3347,12.2,57.542,2444.1,9.53,133.4,3.883400625
11/1/1990,7226.2,61.637,6.2,3442,12.4,57.49100000000001,2441.0,9.3,133.7,3.810238193
12/1/1990,7262.3,61.2198,6.3,3462,12.5,57.288999999999994,2438.7,9.05,134.2,3.680608365
1/1/1991,7209.5,60.9412,6.4,3470,12.2,56.778999999999996,2441.3,9.04,134.7,3.719530554
2/1/1991,7216.6,60.5393,6.6,3585,12.7,57.138000000000005,2451.6,8.83,134.8,3.343813835
3/1/1991,7227.5,60.2144,6.8,3539,12.9,57.812,2464.5,8.93,134.8,3.2556140539999996
4/1/1991,7252.7,60.3452,6.7,3400,13.5,57.625,2466.7,8.86,135.1,3.194795617
5/1/1991,7252.0,60.9449,6.9,3621,12.9,57.769,2465.4,8.86,135.6,3.211725178
6/1/1991,7290.1,61.5109,6.9,3428,13.7,57.776,2464.7,9.01,136.0,3.211821618
7/1/1991,7273.2,61.5154,6.8,3422,13.8,58.053000000000004,2464.0,9.0,136.2,3.2068221869999998
8/1/1991,7284.9,61.5997,6.9,3446,13.9,57.964,2455.9,8.75,136.6,3.142449923
9/1/1991,7307.9,62.1313,6.9,3478,14.0,57.995,2448.6,8.61,137.0,3.171487603
10/1/1991,7318.3,61.9921,7.0,3473,14.4,57.768,2448.7,8.55,137.2,3.167209471
11/1/1991,7333.3,61.9329,7.0,3460,14.8,58.04600000000001,2441.9,8.48,137.8,3.168195481
12/1/1991,7397.1,61.6968,7.3,3473,15.4,58.15,2439.7,8.31,138.2,3.1402023110000004
1/1/1992,7438.1,61.3162,7.3,3398,16.1,58.996,2444.2,8.2,138.3,2.941741973
2/1/1992,7479.1,61.7625,7.4,3277,16.7,59.06399999999999,2452.4,8.29,138.6,2.9765367460000003
3/1/1992,7492.7,62.3018,7.4,3412,17.1,59.172,2446.4,8.35,139.1,3.024351925
4/1/1992,7522.0,62.735,7.4,3296,17.4,59.223,2438.1,8.33,139.4,3.0239807560000003
5/1/1992,7562.3,62.9477,7.6,3417,17.8,59.528999999999996,2432.0,8.28,139.7,2.9700344739999998
6/1/1992,7594.4,62.9333,7.8,3518,18.2,59.693999999999996,2421.3,8.22,140.1,3.017610895
7/1/1992,7587.5,63.4966,7.7,3438,18.1,59.895,2414.7,8.07,140.5,2.973930852
8/1/1992,7616.5,63.1933,7.6,3436,18.0,60.047,2413.0,7.95,140.8,2.959036202
9/1/1992,7584.3,63.3374,7.6,3428,18.1,60.437,2416.0,7.92,141.1,2.960714968
10/1/1992,7547.5,63.8251,7.3,3356,18.9,60.64,2415.2,7.99,141.7,3.0028363639999998
11/1/1992,7556.3,64.0929,7.4,3317,17.9,60.742,2410.2,8.1,142.1,2.928601835
12/1/1992,7831.0,64.1359,7.4,3189,19.0,61.141999999999996,2405.6,7.98,142.3,2.841795978
1/1/1993,7636.0,64.442,7.3,3299,18.3,61.053000000000004,2393.1,7.91,142.8,2.8521241639999997
2/1/1993,7663.3,64.6798,7.1,3461,18.2,61.165,2384.7,7.71,143.1,2.8179080819999998
3/1/1993,7642.4,64.65,7.0,3260,17.6,61.0,2379.5,7.58,143.3,2.77234761
4/1/1993,7696.3,64.8439,7.1,3350,17.6,61.406000000000006,2370.9,7.46,143.8,2.819648822
5/1/1993,7692.6,64.6069,7.1,3363,17.5,61.618,2382.1,7.43,144.2,2.8089163389999996
6/1/1993,7681.5,64.7218,7.0,3218,17.8,61.839,2384.3,7.33,144.3,2.794268625
7/1/1993,7706.2,64.9088,6.9,3292,17.7,62.141000000000005,2380.6,7.17,144.5,2.799078897
8/1/1993,7722.5,64.8689,6.8,3176,18.0,62.203,2378.2,6.85,144.8,2.756919825
9/1/1993,7706.3,65.1755,6.7,3127,18.1,62.559,2379.4,6.66,145.0,2.7262433589999997
10/1/1993,7670.9,65.6744,6.8,3336,18.1,62.659,2372.6,6.67,145.6,2.7031687860000004
11/1/1993,7691.1,65.9414,6.6,3087,18.6,62.838,2375.3,6.93,146.0,2.71338763
12/1/1993,7957.9,66.2823,6.5,3246,18.3,63.06100000000001,2373.5,6.93,146.3,2.6998604999999998
1/1/1994,7801.2,66.5527,6.6,3184,18.6,63.235,2373.5,6.92,146.3,2.668830208
2/1/1994,7811.5,66.5732,6.6,2652,19.0,63.74100000000001,2367.6,7.08,146.7,2.686012978
3/1/1994,7833.1,67.2551,6.5,2789,19.0,63.744,2364.6,7.48,147.1,2.740346262
4/1/1994,7907.0,67.6129,6.4,2842,19.0,64.014,2364.9,7.88,147.2,2.851619972
5/1/1994,7927.6,67.9941,6.1,2652,19.5,63.9,2366.6,7.99,147.5,2.8380350410000004
6/1/1994,7913.2,68.4527,6.1,2757,18.8,64.285,2352.4,7.97,147.9,2.823032781
7/1/1994,7928.2,68.5674,6.1,2820,19.0,64.245,2350.1,8.11,148.4,2.851129818
8/1/1994,7940.4,68.9525,6.0,2671,18.8,64.673,2338.8,8.07,149.0,2.778735137
9/1/1994,7974.2,69.1966,5.9,2671,18.7,64.77,2334.2,8.34,149.3,2.7689737880000003
10/1/1994,8043.7,69.7795,5.8,2424,19.3,65.17,2331.5,8.57,149.4,2.8057394189999996
11/1/1994,8040.5,70.2111,5.6,2619,18.0,65.214,2327.2,8.68,149.8,2.840871131
12/1/1994,8078.5,70.9325,5.5,2581,17.8,65.39,2321.8,8.46,150.1,2.895494189
1/1/1995,8120.7,71.0773,5.6,2764,17.1,65.39,2319.2,8.46,150.5,2.832885545
2/1/1995,8140.2,71.0101,5.4,2578,17.0,65.277,2311.2,8.26,150.9,2.734893758
3/1/1995,8160.4,71.1135,5.4,2572,17.3,65.625,2307.4,8.12,151.2,2.672614823
4/1/1995,8167.0,71.0925,5.8,2730,17.6,65.52199999999999,2303.6,8.03,151.8,2.6074107619999998
5/1/1995,8172.4,71.3036,5.6,2603,17.0,65.998,2315.3,7.65,152.1,2.540367691
6/1/1995,8202.4,71.5868,5.6,2744,15.9,66.532,2327.0,7.3,152.4,2.478909799
7/1/1995,8229.7,71.2946,5.7,2627,16.5,66.35300000000001,2335.9,7.41,152.6,2.411324614
8/1/1995,8241.6,72.24600000000001,5.7,2732,16.2,66.68,2345.5,7.57,152.9,2.416340255
9/1/1995,8273.7,72.5149,5.6,2857,16.2,66.836,2350.9,7.32,153.1,2.346355202
10/1/1995,8286.3,72.4092,5.5,2725,16.0,66.578,2352.1,7.12,153.5,2.341659233
11/1/1995,8314.0,72.5899,5.6,2812,16.4,67.132,2353.3,7.02,153.7,2.303830202
12/1/1995,8328.0,72.8672,5.6,2662,16.3,67.56,2356.5,6.82,153.9,2.24384529
1/1/1996,8356.9,72.3857,5.6,2725,16.1,67.259,2356.0,6.81,154.7,2.26120569
2/1/1996,8426.8,73.5162,5.5,2713,16.4,67.77600000000001,2360.5,6.99,155.0,2.154863442
3/1/1996,8457.4,73.4143,5.5,2594,17.3,68.104,2369.1,7.35,155.5,2.179053271
4/1/1996,8481.7,74.0513,5.6,2530,17.6,68.362,2366.7,7.5,156.1,2.1874777880000003
5/1/1996,8519.9,74.5812,5.6,2765,17.0,68.449,2369.2,7.62,156.4,2.149524371
6/1/1996,8576.8,75.2056,5.3,2552,17.6,68.53399999999999,2373.2,7.71,156.7,2.134629768
7/1/1996,8559.7,75.0578,5.5,2672,16.7,68.676,2378.2,7.65,157.0,2.235781825
8/1/1996,8586.8,75.5237,5.1,2496,17.3,68.911,2379.6,7.46,157.2,2.192611819
9/1/1996,8612.2,76.0082,5.2,2525,16.8,68.995,2377.3,7.66,157.7,2.172238028
10/1/1996,8614.0,75.9507,5.2,2477,16.3,69.196,2379.2,7.39,158.2,2.101331509
11/1/1996,8641.1,76.6062,5.4,2920,15.9,69.373,2384.2,7.1,158.7,2.0144901930000003
12/1/1996,8675.8,77.0862,5.4,2621,15.6,69.63600000000001,2391.5,7.2,159.1,2.004709048
1/1/1997,8729.2,77.2068,5.3,2758,16.0,69.97399999999999,2396.2,7.42,159.4,1.951567435
2/1/1997,8758.8,78.1421,5.2,2549,15.8,70.122,2399.1,7.31,159.7,1.8796202359999998
3/1/1997,8800.4,78.6905,5.2,2602,15.5,70.305,2407.1,7.55,159.8,1.901131085
4/1/1997,8806.6,78.7482,5.1,2439,15.6,70.306,2415.4,7.73,159.9,1.975743851
5/1/1997,8845.5,79.2425,4.9,2527,15.4,70.35300000000001,2422.5,7.58,159.9,1.815734194
6/1/1997,8877.1,79.634,5.0,2562,15.5,70.69800000000001,2428.4,7.41,160.2,1.7300208830000001
7/1/1997,8919.2,80.3148,4.9,2402,16.4,71.362,2436.5,7.14,160.4,1.644533065
8/1/1997,8970.9,81.0985,4.8,2525,16.0,71.8,2451.4,7.22,160.8,1.647178724
9/1/1997,8999.2,81.8177,4.9,2474,15.9,71.812,2455.0,7.15,161.2,1.6360376509999999
10/1/1997,9044.8,82.55,4.7,2566,16.1,72.17399999999999,2462.2,7.0,161.5,1.6176773619999998
11/1/1997,9107.6,83.2814,4.6,2479,15.4,72.471,2473.5,6.87,161.7,1.644794019
12/1/1997,9161.5,83.5471,4.7,2534,15.9,72.881,2482.9,6.76,161.8,1.6106071469999999
1/1/1998,9245.4,83.9719,4.6,2587,15.6,72.82600000000001,2494.1,6.61,162.0,1.614142169
2/1/1998,9310.3,84.0422,4.6,2572,15.4,73.305,2514.1,6.67,162.0,1.5238244090000002
3/1/1998,9368.4,84.1094,4.7,2789,14.5,73.639,2529.9,6.72,162.0,1.453339896
4/1/1998,9404.4,84.402,4.3,2628,14.7,74.028,2542.7,6.69,162.2,1.41611221
5/1/1998,9447.4,84.9233,4.4,2641,14.7,74.566,2551.0,6.69,162.6,1.429963371
6/1/1998,9502.2,84.3698,4.5,2546,14.1,75.058,2560.1,6.53,162.8,1.43902417
7/1/1998,9520.3,84.0508,4.5,2593,14.1,75.112,2565.5,6.55,163.2,1.384832869
8/1/1998,9557.4,85.7994,4.5,2597,13.7,75.458,2577.6,6.52,163.4,1.496649979
9/1/1998,9592.5,85.5797,4.6,2624,14.4,76.024,2599.5,6.4,163.5,1.582340492
10/1/1998,9613.0,86.241,4.5,2823,14.1,76.292,2617.1,6.37,163.9,1.565827579
11/1/1998,9659.7,86.206,4.4,2510,14.5,76.506,2637.4,6.41,164.1,1.414092605
12/1/1998,9681.7,86.5085,4.4,2587,14.0,77.126,2650.0,6.22,164.4,1.361287341
1/1/1999,9706.5,86.9117,4.3,2462,13.4,76.998,2661.5,6.24,164.7,1.303949753
2/1/1999,9745.0,87.3052,4.4,2566,13.8,77.385,2675.5,6.4,164.7,1.312925498
3/1/1999,9758.8,87.4728,4.2,2473,13.4,77.73,2678.2,6.62,164.8,1.283491722
4/1/1999,9742.6,87.6419,4.3,2781,13.3,78.175,2677.2,6.64,165.9,1.226437712
5/1/1999,9768.2,88.3165,4.2,2511,13.4,78.517,2689.9,6.93,166.0,1.222908706
6/1/1999,9804.1,88.1778,4.3,2521,14.3,78.859,2703.0,7.23,166.0,1.225662546
7/1/1999,9822.0,88.73700000000001,4.3,2643,13.6,78.99600000000001,2707.9,7.19,166.7,1.179829929
8/1/1999,9867.6,89.0973,4.2,2546,13.1,79.42399999999999,2711.8,7.4,167.1,1.2336565000000002
9/1/1999,9867.2,88.7815,4.2,2611,13.1,79.803,2709.8,7.39,167.8,1.24870085
10/1/1999,9932.3,89.9689,4.1,2536,13.3,79.972,2718.9,7.55,168.1,1.266656923
11/1/1999,10005.6,90.4104,4.1,2562,12.9,80.34899999999999,2725.2,7.36,168.4,1.184279895
12/1/1999,10090.9,91.1008,4.0,2642,12.9,81.403,2735.2,7.55,168.8,1.153512333
1/1/2000,10197.2,91.1343,4.0,2541,13.1,81.127,2744.0,7.78,169.3,1.162559595
2/1/2000,10239.4,91.4065,4.1,2604,12.6,81.906,2740.4,7.68,170.0,1.20001632
3/1/2000,10266.4,91.7982,4.0,2780,12.7,82.368,2742.5,7.68,171.0,1.16210538
4/1/2000,10313.8,92.47200000000001,3.8,2510,12.4,82.275,2775.2,7.64,170.9,1.145508294
5/1/2000,10347.5,92.671,4.0,2564,12.6,82.655,2765.0,7.99,171.2,1.178726524
6/1/2000,10372.8,92.7438,4.0,2579,12.3,82.82799999999999,2758.9,7.67,172.2,1.142302115
7/1/2000,10427.5,92.6345,4.0,2498,13.4,82.874,2761.3,7.65,172.7,1.125594026
8/1/2000,10477.3,92.3191,4.1,2550,12.9,83.31299999999999,2777.5,7.55,172.7,1.1080742670000001
9/1/2000,10476.5,92.6699,3.9,2571,12.2,83.979,2783.6,7.62,173.6,1.113041109
10/1/2000,10492.2,92.3486,3.9,2497,12.7,83.943,2788.2,7.55,173.9,1.173742693
11/1/2000,10489.0,92.3421,3.9,2512,12.4,84.01100000000001,2789.7,7.45,174.2,1.182355616
12/1/2000,10506.0,92.06700000000001,3.9,2477,12.5,84.441,2808.5,7.21,174.6,1.222453472
1/1/2001,10578.3,91.3956,4.2,2648,12.7,84.43700000000001,2820.9,7.15,175.6,1.21066463
2/1/2001,10611.6,90.8272,4.2,2851,12.8,84.557,2836.0,7.1,176.0,1.23071032
3/1/2001,10651.3,90.5589,4.3,2681,12.8,84.46700000000001,2866.6,6.98,176.1,1.346713328
4/1/2001,10630.1,90.2884,4.4,2972,12.4,84.48,2895.4,7.2,176.4,1.334353078
5/1/2001,10602.0,89.6315,4.3,2701,12.1,84.81200000000001,2882.1,7.29,177.3,1.242420187
6/1/2001,10587.8,89.0366,4.5,2808,12.7,84.819,2898.4,7.18,177.7,1.266640295
7/1/2001,10588.9,88.56200000000001,4.6,2642,12.9,84.98899999999999,2920.0,7.13,177.4,1.3040530259999998
8/1/2001,10582.0,88.3842,4.9,2966,13.3,85.434,2938.7,7.02,177.4,1.33418187
9/1/2001,10599.4,88.0735,5.0,2837,13.2,84.617,2989.4,7.17,178.1,1.506739164
10/1/2001,10596.3,87.6361,5.3,3111,13.3,86.645,2989.9,7.03,177.6,1.4620236119999999
11/1/2001,10611.4,87.1612,5.5,3090,14.3,86.21799999999999,3015.8,6.97,177.5,1.393314921
12/1/2001,10633.0,87.1764,5.7,3037,14.5,86.073,3047.2,6.77,177.4,1.374756535
1/1/2002,10652.7,87.7152,5.7,3044,14.7,86.345,3053.4,6.55,177.7,1.380155118
2/1/2002,10646.7,87.7275,5.7,2984,15.0,86.70200000000001,3064.9,6.51,178.0,1.4294323759999998
3/1/2002,10628.8,88.4132,5.7,3074,15.4,86.664,3062.4,6.81,178.5,1.363333016
4/1/2002,10639.2,88.8118,5.9,2932,16.3,87.11,3045.6,6.76,179.3,1.423650769
5/1/2002,10654.5,89.1944,5.8,2843,16.8,86.757,3060.9,6.75,179.5,1.4760250169999998
6/1/2002,10677.5,90.0487,5.8,2711,16.9,87.17200000000001,3073.3,6.63,179.6,1.58083667
7/1/2002,10646.2,89.8366,5.8,2891,16.9,87.678,3089.3,6.53,180.0,1.765181111
8/1/2002,10640.1,89.8543,5.7,2927,16.5,87.802,3103.4,6.37,180.5,1.73908279
9/1/2002,10643.2,89.9448,5.7,2772,17.6,87.384,3111.8,6.15,180.8,1.819522707
10/1/2002,10656.5,89.663,5.7,2765,17.8,87.728,3129.2,6.32,181.2,1.85850407
11/1/2002,10673.4,90.1208,5.9,2950,17.6,87.999,3151.3,6.31,181.5,1.755812718
12/1/2002,10696.3,89.6894,6.0,2838,18.5,88.54700000000001,3157.5,6.21,181.8,1.787183879
1/1/2003,10674.2,90.2943,5.8,2856,18.5,88.62899999999999,3161.2,6.17,182.6,1.799428469
2/1/2003,10646.7,90.5477,5.9,2798,18.5,88.198,3163.7,5.95,183.6,1.9318304
3/1/2003,10674.8,90.3587,5.9,2831,18.1,88.611,3169.4,5.89,183.9,1.915831001
4/1/2003,10728.0,89.6553,6.0,2794,19.4,89.161,3198.4,5.74,183.2,1.8205378840000002
5/1/2003,10811.4,89.6978,6.1,2988,19.0,89.352,3242.1,5.22,182.9,1.729418636
6/1/2003,10855.4,89.7318,6.3,2906,19.9,89.88,3259.7,4.97,183.1,1.636639676
7/1/2003,10863.1,90.2652,6.2,2720,19.7,90.34299999999999,3273.5,5.49,183.7,1.64325871
8/1/2003,10875.3,90.0358,6.1,2801,19.2,91.15899999999999,3290.1,5.88,184.5,1.6624053840000002
9/1/2003,10889.9,90.5492,6.1,2704,19.5,90.84700000000001,3264.2,5.72,185.1,1.627364043
10/1/2003,10935.9,90.6137,6.0,2710,19.3,91.068,3262.5,5.7,184.9,1.62281504
11/1/2003,11011.0,91.3041,5.8,2656,19.9,91.663,3263.4,5.65,185.0,1.630948979
12/1/2003,11023.0,91.2014,5.7,2554,19.8,91.734,3253.5,5.62,185.5,1.6092315659999998
1/1/2004,11016.5,91.4431,5.7,2685,19.9,92.124,3243.9,5.54,186.3,1.554056441
2/1/2004,11033.3,91.9245,5.6,2425,20.1,92.305,3258.4,5.5,186.7,1.5576896169999999
3/1/2004,11068.8,91.4496,5.8,2637,19.8,92.704,3270.2,5.33,187.1,1.6032313740000002
4/1/2004,11103.6,91.7958,5.6,2780,19.6,92.779,3283.4,5.73,187.4,1.6070210109999998
5/1/2004,11164.1,92.4943,5.6,2723,19.8,93.273,3315.8,6.04,188.2,1.6691150240000001
6/1/2004,11169.7,91.7493,5.6,2677,20.5,92.881,3305.9,6.01,188.9,1.6420071330000001
7/1/2004,11203.7,92.4549,5.5,2820,18.8,93.50399999999999,3308.1,5.82,189.1,1.698844026
8/1/2004,11247.4,92.4832,5.4,2660,18.8,93.695,3319.4,5.65,189.2,1.742367195
9/1/2004,11256.8,92.5476,5.4,2758,19.4,94.4,3327.1,5.46,189.8,1.71429594
10/1/2004,11269.6,93.4371,5.5,2732,19.5,94.542,3324.1,5.47,190.8,1.723340584
11/1/2004,11248.4,93.6306,5.4,2638,19.7,94.679,3322.6,5.52,191.7,1.65506071
12/1/2004,11626.1,94.2703,5.4,2768,19.4,95.26799999999999,3332.5,5.47,191.7,1.6210672030000002
1/1/2005,11345.5,94.7136,5.3,2635,19.5,95.256,3336.8,5.36,191.6,1.667781154
2/1/2005,11355.0,95.3245,5.4,2749,19.1,95.586,3328.0,5.2,192.4,1.66440208
3/1/2005,11388.9,95.2402,5.2,2483,19.5,95.821,3321.0,5.4,193.1,1.693028705
4/1/2005,11416.3,95.3681,5.2,2688,19.6,96.58200000000001,3314.4,5.33,193.7,1.7573691280000001
5/1/2005,11465.3,95.5331,5.1,2754,18.6,96.103,3329.4,5.15,193.6,1.756515146
6/1/2005,11504.2,95.912,5.0,2659,17.9,97.09299999999999,3345.8,4.96,193.7,1.740902475
7/1/2005,11536.7,95.7242,5.0,2568,17.6,97.70299999999999,3340.1,5.06,194.9,1.7274294190000001
8/1/2005,11555.6,95.8708,4.9,2570,18.4,97.35,3333.8,5.09,196.1,1.739540025
9/1/2005,11501.6,93.9661,5.0,2763,17.9,96.97200000000001,3306.5,5.13,198.8,1.752153485
10/1/2005,11561.0,95.1806,5.0,2719,17.9,97.22200000000001,3318.6,5.35,199.1,1.822768102
11/1/2005,11643.2,96.1177,5.0,2823,17.5,97.75,3345.0,5.42,198.1,1.775809445
12/1/2005,11707.0,96.669,4.9,2588,17.5,98.155,3359.0,5.37,198.1,1.76059965
1/1/2006,11884.3,96.7856,4.7,2527,16.9,98.51799999999999,3358.7,5.29,199.3,1.752520079
2/1/2006,11945.1,96.8261,4.8,2577,17.8,98.848,3370.5,5.35,199.4,1.770258097
3/1/2006,11974.9,97.0742,4.7,2659,17.1,99.046,3373.7,5.53,199.7,1.76155951
4/1/2006,11969.4,97.44,4.7,2665,16.7,99.229,3370.5,5.84,200.7,1.766794402
5/1/2006,11957.8,97.3002,4.6,2545,17.1,99.339,3368.2,5.95,201.3,1.8002444430000002
6/1/2006,11983.0,97.6752,4.6,2705,16.6,99.42299999999999,3379.0,5.89,201.8,1.8704565219999998
7/1/2006,11975.6,97.68700000000001,4.7,2721,17.1,99.889,3380.0,5.85,202.9,1.877420174
8/1/2006,11972.7,98.0138,4.7,2603,17.1,99.663,3376.2,5.68,203.8,1.855261625
9/1/2006,12053.3,97.8423,4.5,2608,17.1,100.178,3408.1,5.51,202.8,1.828888855
10/1/2006,12131.4,97.806,4.4,2616,16.3,100.65299999999999,3447.7,5.51,201.9,1.7867359059999999
11/1/2006,12187.3,97.6811,4.5,2511,16.2,100.818,3465.7,5.33,202.0,1.7729577140000001
12/1/2006,12233.2,98.6347,4.4,2596,16.1,101.315,3469.2,5.32,203.1,1.756541139
1/1/2007,12263.9,98.1696,4.6,2561,16.3,101.389,3479.8,5.4,203.437,1.761272142
2/1/2007,12306.4,99.2354,4.5,2574,16.7,101.456,3475.8,5.39,204.226,1.75018457
3/1/2007,12347.8,99.3706,4.4,2307,17.8,101.53299999999999,3476.0,5.3,205.28799999999998,1.8117203880000001
4/1/2007,12347.9,100.09200000000001,4.5,2456,16.9,101.745,3494.3,5.47,205.90400000000002,1.7570349719999998
5/1/2007,12342.7,100.1357,4.4,2464,16.6,101.86200000000001,3491.5,5.47,206.755,1.716805414
6/1/2007,12333.3,100.1295,4.6,2551,16.5,101.804,3499.4,5.79,207.234,1.72831679
7/1/2007,12358.8,100.1757,4.7,2502,17.2,102.03299999999999,3507.0,5.73,207.60299999999998,1.73844235
8/1/2007,12364.4,100.3027,4.6,2614,17.0,102.37299999999999,3537.7,5.79,207.667,1.8357600840000001
9/1/2007,12397.0,100.6868,4.7,2557,16.3,102.363,3535.1,5.74,208.547,1.8014588009999999
10/1/2007,12377.4,100.1968,4.7,2545,17.0,102.23700000000001,3530.8,5.66,209.19,1.768139286
11/1/2007,12370.3,100.7645,4.7,2645,17.3,102.499,3518.8,5.44,210.834,1.8776038290000001
12/1/2007,12421.5,100.7407,5.0,2718,16.6,102.41799999999999,3524.5,5.49,211.445,1.8746366330000002
1/1/2008,12443.3,100.4921,5.0,2554,17.5,102.31200000000001,3525.7,5.33,212.174,2.025007978
2/1/2008,12465.5,100.2213,4.9,2653,16.9,102.014,3558.8,5.53,212.687,2.074737798
3/1/2008,12494.5,99.9541,5.1,2823,16.5,102.194,3578.8,5.51,213.44799999999998,2.148920983
4/1/2008,12437.4,99.2345,5.0,2493,16.9,102.36200000000001,3582.6,5.55,213.942,2.074957253
5/1/2008,12567.0,98.7761,5.4,3278,16.6,102.40799999999999,3572.4,5.57,215.208,2.036268962
6/1/2008,12466.5,98.579,5.6,2753,17.1,102.26700000000001,3542.9,5.68,217.463,2.140540541
7/1/2008,12291.4,98.0964,5.8,2854,17.0,101.84700000000001,3538.3,5.67,219.016,2.2871216519999997
8/1/2008,12342.1,96.5934,6.1,3256,17.7,101.823,3545.0,5.64,218.69,2.2476790980000003
9/1/2008,12340.5,92.5289,6.1,2848,18.6,101.148,3577.8,5.65,218.877,2.3706807999999997
10/1/2008,12384.9,93.3148,6.5,3170,19.9,100.697,3658.5,6.28,216.995,2.962083677
11/1/2008,12446.5,92.12100000000001,6.8,3335,18.9,100.50299999999999,3751.6,6.12,213.153,3.2323941539999996
12/1/2008,12383.7,89.5075,7.3,3255,19.9,99.95100000000001,3868.1,5.05,211.398,3.235106431
1/1/2009,12252.7,87.5382,7.8,3524,19.8,100.37799999999999,3893.3,5.05,211.933,3.2359804989999996
2/1/2009,12119.2,86.9117,8.3,3450,20.2,99.992,3895.0,5.27,212.705,3.43131776
3/1/2009,12090.1,85.6157,8.7,3465,20.9,99.74799999999999,3931.2,5.5,212.495,3.5991177210000003
4/1/2009,12109.2,84.9483,9.0,3338,21.7,99.59,3919.8,5.39,212.709,3.147635049
5/1/2009,12277.9,84.0497,9.4,3246,22.4,99.639,3946.7,5.54,213.02200000000002,2.89705714
6/1/2009,12080.5,83.73200000000001,9.5,3114,23.9,99.53399999999999,3918.4,5.61,214.79,2.763140846
7/1/2009,12043.5,84.56700000000001,9.5,3137,25.1,99.861,3921.7,5.41,214.726,2.674303463
8/1/2009,12015.0,85.3735,9.6,2940,25.3,100.87799999999999,3902.3,5.26,215.445,2.42275988
9/1/2009,12028.2,85.9988,9.8,2841,26.6,99.837,3898.9,5.13,215.861,2.288066632
10/1/2009,11981.2,86.3075,10.0,3223,27.5,100.02600000000001,3900.1,5.15,216.50900000000001,2.19202118
11/1/2009,12009.1,86.6403,9.9,2816,28.9,100.012,3905.1,5.19,217.234,2.105256708
12/1/2009,12048.4,86.93,9.9,2879,29.7,100.506,3902.7,5.26,217.347,2.018227994
1/1/2010,12039.5,87.99,9.8,2921,30.3,100.353,3879.5,5.26,217.488,1.979683986
2/1/2010,12015.5,88.2232,9.8,2807,29.8,100.654,3907.1,5.35,217.28099999999998,2.026944312
3/1/2010,12043.4,88.8923,9.9,2769,31.6,101.148,3905.0,5.27,217.35299999999998,1.9018271780000002
4/1/2010,12133.3,89.2429,9.9,2725,33.3,101.277,3909.7,5.29,217.403,1.833539349
5/1/2010,12220.6,90.6351,9.6,2773,34.0,101.568,3942.0,4.96,217.29,1.955154984
6/1/2010,12231.9,90.8407,9.4,2683,34.5,101.76899999999999,3951.6,4.88,217.199,2.034411461
7/1/2010,12257.7,91.4132,9.4,2806,33.9,101.83200000000001,3949.3,4.72,217.605,2.0509970980000003
8/1/2010,12304.6,91.67299999999999,9.5,2671,33.7,102.314,3961.4,4.49,217.923,2.046697569
9/1/2010,12300.6,91.9146,9.5,2819,33.4,102.43799999999999,3972.6,4.53,218.275,1.9927277909999999
10/1/2010,12336.5,91.6296,9.4,2655,34.0,102.943,3981.4,4.68,219.035,1.9190608690000002
11/1/2010,12374.9,91.8108,9.8,2912,33.9,103.333,3983.7,4.87,219.59,1.8856331000000002
12/1/2010,12462.6,92.5893,9.3,2693,34.7,103.447,3983.7,5.02,220.472,1.8308055380000001
1/1/2011,12627.5,92.6124,9.2,2678,37.3,103.59700000000001,3986.2,5.04,221.148,1.7903458030000001
2/1/2011,12662.5,92.1015,9.0,2470,37.4,103.68700000000001,3994.1,5.22,221.90400000000002,1.7558334340000001
3/1/2011,12646.3,93.0194,9.0,2535,39.1,103.994,3993.6,5.13,223.044,1.796104225
4/1/2011,12615.0,92.5816,9.1,2789,38.7,103.943,3997.8,5.16,224.06,1.782437483
5/1/2011,12609.9,92.8754,9.0,2670,39.5,103.884,4009.6,4.96,224.86900000000003,1.796046257
6/1/2011,12669.3,93.0939,9.1,2940,39.8,104.07600000000001,4047.0,4.99,224.84099999999998,1.8907938380000002
7/1/2011,12727.1,93.6897,9.0,2635,40.6,104.369,4121.2,4.93,225.419,1.857846799
8/1/2011,12719.0,94.1465,9.0,2643,40.4,104.31200000000001,4199.4,4.37,226.082,2.100716268
9/1/2011,12686.1,94.2426,9.0,2754,40.4,104.579,4200.8,4.09,226.676,2.145023341
10/1/2011,12691.4,94.7279,8.8,2666,38.8,104.87299999999999,4212.1,3.98,226.81099999999998,2.120298427
11/1/2011,12676.9,94.8324,8.6,2557,40.2,104.736,4224.5,3.87,227.157,2.121078695
12/1/2011,12778.7,95.1997,8.5,2676,40.5,104.704,4242.2,3.93,227.145,2.125760062
1/1/2012,12877.8,96.015,8.3,2464,40.3,105.18299999999999,4265.4,3.85,227.75900000000001,2.055749486
2/1/2012,12953.0,96.375,8.3,2610,39.9,105.693,4274.5,3.85,228.285,1.99952187
3/1/2012,12982.7,96.0067,8.2,2710,39.3,105.594,4282.6,3.99,228.86599999999999,1.9687023119999998
4/1/2012,13004.9,96.7966,8.2,2628,39.3,105.795,4297.6,3.96,229.172,1.9960137430000002
5/1/2012,13006.4,97.1123,8.2,2552,39.5,105.835,4319.8,3.8,228.785,2.0873251969999997
6/1/2012,13029.5,97.1618,8.2,2750,40.1,105.834,4352.5,3.64,228.62599999999998,2.13981322
7/1/2012,13004.0,97.7061,8.2,2678,39.2,106.211,4387.8,3.4,228.584,2.113822334
8/1/2012,12990.4,97.1146,8.0,2790,39.4,106.182,4392.3,3.48,229.91099999999997,2.078212025
9/1/2012,13068.6,97.3865,7.8,2538,39.7,106.6,4405.2,3.49,231.104,2.049992379
10/1/2012,13147.3,97.3111,7.8,2623,39.9,106.542,4418.3,3.47,231.74099999999999,2.096460846
11/1/2012,13340.0,98.2597,7.7,2625,39.0,106.87100000000001,4454.6,3.5,231.202,2.201251097
12/1/2012,13714.8,98.3571,7.9,2745,37.8,107.11,4509.2,3.65,231.165,2.1971609169999997
1/1/2013,13005.5,98.4084,8.0,2757,35.5,107.544,4516.3,3.8,231.44400000000002,2.130280104
2/1/2013,13075.1,99.0438,7.7,2712,36.7,107.82700000000001,4488.5,3.9,232.803,2.104286379
3/1/2013,13125.8,99.488,7.5,2478,36.9,107.98700000000001,4529.6,3.93,232.245,2.070504182
4/1/2013,13161.6,99.3112,7.6,2502,36.5,108.056,4555.3,3.73,231.672,2.068928928
5/1/2013,13204.7,99.4162,7.5,2664,36.9,108.24799999999999,4563.6,3.89,231.99,2.005276938
6/1/2013,13226.7,99.6083,7.5,2679,35.9,108.478,4574.7,4.27,232.583,2.0552641819999997
7/1/2013,13205.3,99.4432,7.3,2507,37.1,108.564,4593.0,4.34,232.98,2.016364232
8/1/2013,13254.4,99.9987,7.2,2477,37.4,108.738,4607.5,4.54,233.41299999999998,2.037215559
9/1/2013,13292.9,100.7177,7.2,2609,37.2,109.09200000000001,4623.9,4.64,233.773,2.03891724
10/1/2013,13270.8,100.819,7.2,2798,35.5,109.432,4668.8,4.53,233.903,2.011399026
11/1/2013,13294.9,101.375,7.0,2420,36.8,109.99700000000001,4670.1,4.63,234.03799999999998,1.9508019630000002
12/1/2013,13266.9,101.5572,6.7,2323,36.8,109.954,4680.5,4.62,234.697,1.935523128
1/1/2014,13326.5,101.3061,6.6,2449,35.3,109.633,4694.3,4.49,235.128,1.942718965
2/1/2014,13394.1,102.2567,6.7,2388,36.9,110.023,4724.1,4.45,235.356,1.9711545519999998
3/1/2014,13456.8,103.1059,6.6,2477,35.2,110.728,4733.6,4.38,235.79,1.944170173
4/1/2014,13460.4,103.1885,6.2,2451,34.8,110.661,4748.3,4.24,236.24,1.963960678
5/1/2014,13472.7,103.6839,6.3,2553,34.3,110.75399999999999,4761.6,4.16,236.95,1.9577338340000001
6/1/2014,13497.4,104.105,6.1,2423,33.3,111.04899999999999,4773.9,4.25,237.34799999999998,1.919787991
7/1/2014,13528.2,104.4671,6.2,2583,32.5,111.15899999999999,4800.5,4.16,237.59599999999998,1.913232984
8/1/2014,13588.3,104.4514,6.1,2609,31.9,111.889,4820.2,4.08,237.40900000000002,1.943380932
9/1/2014,13605.1,105.186,5.9,2372,31.8,112.066,4831.7,4.11,237.62599999999998,1.9310366
10/1/2014,13646.5,105.1437,5.7,2455,32.9,112.49600000000001,4846.1,3.92,237.753,2.0031625
11/1/2014,13722.7,106.3086,5.8,2505,33.0,113.1,4878.2,3.92,237.067,1.9135238
12/1/2014,13799.8,106.221,5.6,2375,32.8,113.177,4922.3,3.79,236.28400000000002,1.9199034
1/1/2015,13909.8,105.7883,5.7,2383,32.3,113.367,4988.3,3.46,234.67700000000002,1.9671167
2/1/2015,13946.9,105.8932,5.5,2431,31.7,113.36399999999999,5028.5,3.61,235.18599999999998,1.9075261000000001
3/1/2015,13928.7,105.2161,5.5,2488,30.7,113.671,5024.9,3.64,235.74,1.9625476000000002
